{"epoch": 4, "loss": 1.6685664653778076, "_timestamp": 1676205990.0169587, "_runtime": 143.35243582725525, "_step": 78, "_wandb": {"runtime": 142}}